mean_fit_time,std_fit_time,mean_score_time,std_score_time,param_classifier__criterion,param_classifier__max_depth,param_classifier__min_samples_split,params,split0_test_score,split1_test_score,split2_test_score,split3_test_score,split4_test_score,mean_test_score,std_test_score,rank_test_score,split0_train_score,split1_train_score,split2_train_score,split3_train_score,split4_train_score,mean_train_score,std_train_score,model,param_classifier__C,param_classifier__n_neighbors,param_classifier__weights
0.06274609565734864,0.008570401239301719,0.003308534622192383,0.0017155022201292048,gini,2,2.0,"{'classifier__criterion': 'gini', 'classifier__max_depth': 2, 'classifier__min_samples_split': 2}",0.8620689655172413,0.8275862068965517,0.9285714285714286,0.8571428571428571,0.9285714285714286,0.8807881773399014,0.040758895750615996,16,0.9469026548672567,0.9557522123893806,0.9385964912280702,0.9473684210526315,0.9210526315789473,0.9419344822232573,0.011767191404757345,decision_tree,,,
0.0778681755065918,0.020487493661230014,0.004015445709228516,0.0015354214691857403,gini,2,5.0,"{'classifier__criterion': 'gini', 'classifier__max_depth': 2, 'classifier__min_samples_split': 5}",0.8620689655172413,0.8275862068965517,0.9285714285714286,0.8571428571428571,0.9285714285714286,0.8807881773399014,0.040758895750615996,16,0.9469026548672567,0.9557522123893806,0.9385964912280702,0.9473684210526315,0.9210526315789473,0.9419344822232573,0.011767191404757345,decision_tree,,,
0.00516805648803711,0.002918147979216963,0.0031839847564697266,0.0015208094143354728,gini,2,10.0,"{'classifier__criterion': 'gini', 'classifier__max_depth': 2, 'classifier__min_samples_split': 10}",0.8620689655172413,0.8275862068965517,0.9285714285714286,0.8571428571428571,0.9285714285714286,0.8807881773399014,0.040758895750615996,16,0.9469026548672567,0.9557522123893806,0.9385964912280702,0.9473684210526315,0.9210526315789473,0.9419344822232573,0.011767191404757345,decision_tree,,,
0.0065424442291259766,0.003225902515672611,0.003061723709106445,0.0011989212394189282,gini,3,2.0,"{'classifier__criterion': 'gini', 'classifier__max_depth': 3, 'classifier__min_samples_split': 2}",0.7931034482758621,0.896551724137931,0.9285714285714286,0.8928571428571429,0.9642857142857143,0.8950738916256157,0.057126930003898034,7,1.0,1.0,1.0,0.9912280701754386,0.9912280701754386,0.9964912280701753,0.004297350425935413,decision_tree,,,
0.004665279388427734,0.0020098713459616377,0.0025910377502441407,0.0011234279460129088,gini,3,5.0,"{'classifier__criterion': 'gini', 'classifier__max_depth': 3, 'classifier__min_samples_split': 5}",0.7931034482758621,0.896551724137931,0.9285714285714286,0.8928571428571429,0.9642857142857143,0.8950738916256157,0.057126930003898034,7,1.0,1.0,1.0,0.9824561403508771,0.9912280701754386,0.9947368421052631,0.007017543859649145,decision_tree,,,
0.007399606704711914,0.0011913507764641663,0.005109643936157227,0.0026816179709378313,gini,3,10.0,"{'classifier__criterion': 'gini', 'classifier__max_depth': 3, 'classifier__min_samples_split': 10}",0.7931034482758621,0.896551724137931,0.9285714285714286,0.8928571428571429,0.9642857142857143,0.8950738916256157,0.057126930003898034,7,1.0,1.0,1.0,0.9824561403508771,0.9912280701754386,0.9947368421052631,0.007017543859649145,decision_tree,,,
0.006523895263671875,0.0021937104538095995,0.003009605407714844,0.0017250504821748635,gini,4,2.0,"{'classifier__criterion': 'gini', 'classifier__max_depth': 4, 'classifier__min_samples_split': 2}",0.7931034482758621,0.896551724137931,0.9285714285714286,0.9642857142857143,0.9285714285714286,0.9022167487684729,0.05861654992213133,1,1.0,1.0,1.0,0.9912280701754386,1.0,0.9982456140350877,0.0035087719298245723,decision_tree,,,
0.005730152130126953,0.001877030737797127,0.002322530746459961,0.001290593217317257,gini,4,5.0,"{'classifier__criterion': 'gini', 'classifier__max_depth': 4, 'classifier__min_samples_split': 5}",0.7931034482758621,0.896551724137931,0.9285714285714286,0.8928571428571429,0.9285714285714286,0.8879310344827586,0.049787824220462115,13,1.0,1.0,1.0,0.9824561403508771,1.0,0.9964912280701753,0.007017543859649145,decision_tree,,,
0.006395196914672852,0.0032198942276397166,0.002681875228881836,0.00206764673236972,gini,4,10.0,"{'classifier__criterion': 'gini', 'classifier__max_depth': 4, 'classifier__min_samples_split': 10}",0.7931034482758621,0.896551724137931,0.9285714285714286,0.8928571428571429,0.9642857142857143,0.8950738916256157,0.057126930003898034,7,1.0,1.0,1.0,0.9824561403508771,0.9912280701754386,0.9947368421052631,0.007017543859649145,decision_tree,,,
0.00662841796875,0.004364213771646636,0.0075667381286621095,0.007721529657312272,gini,5,2.0,"{'classifier__criterion': 'gini', 'classifier__max_depth': 5, 'classifier__min_samples_split': 2}",0.7931034482758621,0.896551724137931,0.9285714285714286,0.9642857142857143,0.9285714285714286,0.9022167487684729,0.05861654992213133,1,1.0,1.0,1.0,1.0,1.0,1.0,0.0,decision_tree,,,
0.006755208969116211,0.007451513463327716,0.0020009994506835936,0.0011455217893577615,gini,5,5.0,"{'classifier__criterion': 'gini', 'classifier__max_depth': 5, 'classifier__min_samples_split': 5}",0.7931034482758621,0.896551724137931,0.9285714285714286,0.8928571428571429,0.9285714285714286,0.8879310344827586,0.049787824220462115,13,1.0,1.0,1.0,0.9824561403508771,1.0,0.9964912280701753,0.007017543859649145,decision_tree,,,
0.003568553924560547,0.0011402891481575026,0.0019777774810791015,0.0005023733851360479,gini,5,10.0,"{'classifier__criterion': 'gini', 'classifier__max_depth': 5, 'classifier__min_samples_split': 10}",0.7931034482758621,0.896551724137931,0.9285714285714286,0.8928571428571429,0.9642857142857143,0.8950738916256157,0.057126930003898034,7,1.0,1.0,1.0,0.9824561403508771,0.9912280701754386,0.9947368421052631,0.007017543859649145,decision_tree,,,
0.006787633895874024,0.004625665191209458,0.0025224685668945312,0.0013713645005246332,gini,,2.0,"{'classifier__criterion': 'gini', 'classifier__max_depth': None, 'classifier__min_samples_split': 2}",0.7931034482758621,0.896551724137931,0.9285714285714286,0.9642857142857143,0.9285714285714286,0.9022167487684729,0.05861654992213133,1,1.0,1.0,1.0,1.0,1.0,1.0,0.0,decision_tree,,,
0.005591917037963867,0.0020543280630311972,0.0049038887023925785,0.002693960431766722,gini,,5.0,"{'classifier__criterion': 'gini', 'classifier__max_depth': None, 'classifier__min_samples_split': 5}",0.7931034482758621,0.896551724137931,0.9285714285714286,0.8928571428571429,0.9285714285714286,0.8879310344827586,0.049787824220462115,13,1.0,1.0,1.0,0.9824561403508771,1.0,0.9964912280701753,0.007017543859649145,decision_tree,,,
0.007161712646484375,0.0020963664755960965,0.004617023468017578,0.001705670652520006,gini,,10.0,"{'classifier__criterion': 'gini', 'classifier__max_depth': None, 'classifier__min_samples_split': 10}",0.7931034482758621,0.896551724137931,0.9285714285714286,0.8928571428571429,0.9642857142857143,0.8950738916256157,0.057126930003898034,7,1.0,1.0,1.0,0.9824561403508771,0.9912280701754386,0.9947368421052631,0.007017543859649145,decision_tree,,,
0.008534383773803712,0.0071270713271986835,0.009883737564086914,0.009608889679923531,entropy,2,2.0,"{'classifier__criterion': 'entropy', 'classifier__max_depth': 2, 'classifier__min_samples_split': 2}",0.7931034482758621,0.8275862068965517,0.8571428571428571,0.8571428571428571,0.9285714285714286,0.8527093596059114,0.04467304058622516,28,0.9646017699115044,0.9557522123893806,0.956140350877193,0.9473684210526315,0.956140350877193,0.9560006210215806,0.005451520783124865,decision_tree,,,
0.005516672134399414,0.0031526785448821306,0.003690814971923828,0.003908408464329576,entropy,2,5.0,"{'classifier__criterion': 'entropy', 'classifier__max_depth': 2, 'classifier__min_samples_split': 5}",0.7931034482758621,0.8275862068965517,0.8571428571428571,0.8571428571428571,0.9285714285714286,0.8527093596059114,0.04467304058622516,28,0.9646017699115044,0.9557522123893806,0.956140350877193,0.9473684210526315,0.956140350877193,0.9560006210215806,0.005451520783124865,decision_tree,,,
0.011503791809082032,0.009205370046367803,0.002120780944824219,0.0005398802949897709,entropy,2,10.0,"{'classifier__criterion': 'entropy', 'classifier__max_depth': 2, 'classifier__min_samples_split': 10}",0.7931034482758621,0.8275862068965517,0.8571428571428571,0.8571428571428571,0.9285714285714286,0.8527093596059114,0.04467304058622516,28,0.9646017699115044,0.9557522123893806,0.956140350877193,0.9473684210526315,0.956140350877193,0.9560006210215806,0.005451520783124865,decision_tree,,,
0.005279636383056641,0.0023479869825036846,0.009847879409790039,0.008420373361577782,entropy,3,2.0,"{'classifier__criterion': 'entropy', 'classifier__max_depth': 3, 'classifier__min_samples_split': 2}",0.7931034482758621,0.896551724137931,0.8571428571428571,0.8928571428571429,0.9642857142857143,0.8807881773399014,0.055881483320653104,16,0.9911504424778761,1.0,1.0,0.9912280701754386,1.0,0.9964757025306629,0.004316435055054851,decision_tree,,,
0.027045822143554686,0.03322145022320144,0.00495758056640625,0.002989895191296983,entropy,3,5.0,"{'classifier__criterion': 'entropy', 'classifier__max_depth': 3, 'classifier__min_samples_split': 5}",0.7931034482758621,0.896551724137931,0.8571428571428571,0.8928571428571429,0.9642857142857143,0.8807881773399014,0.055881483320653104,16,0.9911504424778761,1.0,1.0,0.9824561403508771,1.0,0.9947213165657505,0.0070253709614568885,decision_tree,,,
0.008394622802734375,0.004545949965715471,0.0036147117614746095,0.002018992683596796,entropy,3,10.0,"{'classifier__criterion': 'entropy', 'classifier__max_depth': 3, 'classifier__min_samples_split': 10}",0.7931034482758621,0.896551724137931,0.8571428571428571,0.8928571428571429,0.9642857142857143,0.8807881773399014,0.055881483320653104,16,0.9911504424778761,1.0,1.0,0.9824561403508771,1.0,0.9947213165657505,0.0070253709614568885,decision_tree,,,
0.008368158340454101,0.0023745663448470804,0.003928279876708985,0.0015373793744287852,entropy,4,2.0,"{'classifier__criterion': 'entropy', 'classifier__max_depth': 4, 'classifier__min_samples_split': 2}",0.7931034482758621,0.896551724137931,0.8571428571428571,0.9642857142857143,0.9642857142857143,0.8950738916256158,0.06545146518555235,4,1.0,1.0,1.0,0.9912280701754386,1.0,0.9982456140350877,0.0035087719298245723,decision_tree,,,
0.010073184967041016,0.0012962824942674902,0.0059605598449707035,0.002408967205913856,entropy,4,5.0,"{'classifier__criterion': 'entropy', 'classifier__max_depth': 4, 'classifier__min_samples_split': 5}",0.7931034482758621,0.896551724137931,0.8571428571428571,0.8928571428571429,0.9642857142857143,0.8807881773399014,0.055881483320653104,16,1.0,1.0,1.0,0.9824561403508771,1.0,0.9964912280701753,0.007017543859649145,decision_tree,,,
0.010425138473510741,0.0033965766830245736,0.004172658920288086,0.002362782844348507,entropy,4,10.0,"{'classifier__criterion': 'entropy', 'classifier__max_depth': 4, 'classifier__min_samples_split': 10}",0.7931034482758621,0.896551724137931,0.8571428571428571,0.8928571428571429,0.9642857142857143,0.8807881773399014,0.055881483320653104,16,1.0,1.0,1.0,0.9824561403508771,1.0,0.9964912280701753,0.007017543859649145,decision_tree,,,
0.009766435623168946,0.0028843529523003082,0.005067682266235352,0.0026936680794527827,entropy,5,2.0,"{'classifier__criterion': 'entropy', 'classifier__max_depth': 5, 'classifier__min_samples_split': 2}",0.7931034482758621,0.896551724137931,0.8571428571428571,0.9642857142857143,0.9642857142857143,0.8950738916256158,0.06545146518555235,4,1.0,1.0,1.0,1.0,1.0,1.0,0.0,decision_tree,,,
0.01059718132019043,0.0042327979484104925,0.004254817962646484,0.001858342880663629,entropy,5,5.0,"{'classifier__criterion': 'entropy', 'classifier__max_depth': 5, 'classifier__min_samples_split': 5}",0.7931034482758621,0.896551724137931,0.8571428571428571,0.8928571428571429,0.9642857142857143,0.8807881773399014,0.055881483320653104,16,1.0,1.0,1.0,0.9824561403508771,1.0,0.9964912280701753,0.007017543859649145,decision_tree,,,
0.010920429229736328,0.0040983188122907235,0.007982397079467773,0.003938118669633071,entropy,5,10.0,"{'classifier__criterion': 'entropy', 'classifier__max_depth': 5, 'classifier__min_samples_split': 10}",0.7931034482758621,0.896551724137931,0.8571428571428571,0.8928571428571429,0.9642857142857143,0.8807881773399014,0.055881483320653104,16,1.0,1.0,1.0,0.9824561403508771,1.0,0.9964912280701753,0.007017543859649145,decision_tree,,,
0.007282066345214844,0.003298784027327952,0.008896732330322265,0.0038085952639958847,entropy,,2.0,"{'classifier__criterion': 'entropy', 'classifier__max_depth': None, 'classifier__min_samples_split': 2}",0.7931034482758621,0.896551724137931,0.8571428571428571,0.9642857142857143,0.9642857142857143,0.8950738916256158,0.06545146518555235,4,1.0,1.0,1.0,1.0,1.0,1.0,0.0,decision_tree,,,
0.00795125961303711,0.003757271540185864,0.008598995208740235,0.010102638154087776,entropy,,5.0,"{'classifier__criterion': 'entropy', 'classifier__max_depth': None, 'classifier__min_samples_split': 5}",0.7931034482758621,0.896551724137931,0.8571428571428571,0.8928571428571429,0.9642857142857143,0.8807881773399014,0.055881483320653104,16,1.0,1.0,1.0,0.9824561403508771,1.0,0.9964912280701753,0.007017543859649145,decision_tree,,,
0.010885381698608398,0.0036692691595937082,0.005834722518920898,0.002478374465110172,entropy,,10.0,"{'classifier__criterion': 'entropy', 'classifier__max_depth': None, 'classifier__min_samples_split': 10}",0.7931034482758621,0.896551724137931,0.8571428571428571,0.8928571428571429,0.9642857142857143,0.8807881773399014,0.055881483320653104,16,1.0,1.0,1.0,0.9824561403508771,1.0,0.9964912280701753,0.007017543859649145,decision_tree,,,
0.022541618347167967,0.0080943237658524,0.0029521942138671874,0.0010924751352225765,,,,{'classifier__C': 0.01},0.9655172413793104,1.0,1.0,0.9642857142857143,0.9642857142857143,0.9788177339901478,0.017301092934813727,2,0.9911504424778761,0.9823008849557522,0.9824561403508771,0.9824561403508771,0.9824561403508771,0.9841639496972518,0.0034937638699668394,logistic_regression,0.01,,
0.011109209060668946,0.004083706385968682,0.0034145355224609376,0.0013610447596769685,,,,{'classifier__C': 0.1},0.896551724137931,1.0,1.0,1.0,0.9642857142857143,0.972167487684729,0.0402586941517427,3,1.0,0.9911504424778761,0.9912280701754386,0.9912280701754386,1.0,0.9947213165657507,0.0043101201847825015,logistic_regression,0.1,,
0.009855890274047851,0.0029801486903877324,0.004462337493896485,0.002316101716714856,,,,{'classifier__C': 1},0.9310344827586207,1.0,1.0,1.0,0.9642857142857143,0.9790640394088669,0.027713464392187602,1,1.0,1.0,1.0,1.0,1.0,1.0,0.0,logistic_regression,1.0,,
0.007796812057495117,0.004231634117329047,0.0022816181182861326,0.00082731591039816,,,,{'classifier__C': 10},0.9310344827586207,1.0,1.0,1.0,0.9285714285714286,0.9719211822660098,0.0343982073893519,4,1.0,1.0,1.0,1.0,1.0,1.0,0.0,logistic_regression,10.0,,
0.007569742202758789,0.002362715851013792,0.0022016525268554687,0.0002983482724447192,,,,{'classifier__C': 100},0.9310344827586207,1.0,1.0,1.0,0.9285714285714286,0.9719211822660098,0.0343982073893519,4,1.0,1.0,1.0,1.0,1.0,1.0,0.0,logistic_regression,100.0,,
0.006123399734497071,0.002633854446613513,0.003675413131713867,0.0016903722194719047,,,,"{'classifier__n_neighbors': 1, 'classifier__weights': 'uniform'}",0.8620689655172413,0.9655172413793104,0.9285714285714286,0.9285714285714286,0.9285714285714286,0.9226600985221676,0.0335047804396689,13,1.0,1.0,1.0,1.0,1.0,1.0,0.0,knn,,1.0,uniform
0.0067059040069580075,0.001129113062599205,0.003908872604370117,0.0016832812778436036,,,,"{'classifier__n_neighbors': 1, 'classifier__weights': 'distance'}",0.8620689655172413,0.9655172413793104,0.9285714285714286,0.9285714285714286,0.9285714285714286,0.9226600985221676,0.0335047804396689,13,1.0,1.0,1.0,1.0,1.0,1.0,0.0,knn,,1.0,distance
0.0056285858154296875,0.0018607162719281268,0.004442691802978516,0.0016707989174403902,,,,"{'classifier__n_neighbors': 3, 'classifier__weights': 'uniform'}",0.896551724137931,0.9310344827586207,0.9642857142857143,0.9642857142857143,0.9285714285714286,0.9369458128078818,0.025423205775047617,11,0.9734513274336283,0.9734513274336283,0.9824561403508771,0.9736842105263158,0.9649122807017544,0.9735910572892408,0.005549028512017043,knn,,3.0,uniform
0.0063059329986572266,0.0026708044123441733,0.0026980876922607423,0.001432510073380153,,,,"{'classifier__n_neighbors': 3, 'classifier__weights': 'distance'}",0.896551724137931,0.9310344827586207,0.9642857142857143,0.9642857142857143,0.9285714285714286,0.9369458128078818,0.025423205775047617,11,1.0,1.0,1.0,1.0,1.0,1.0,0.0,knn,,3.0,distance
0.006612396240234375,0.0023896685196563607,0.006377887725830078,0.005679632150725604,,,,"{'classifier__n_neighbors': 5, 'classifier__weights': 'uniform'}",0.896551724137931,1.0,0.9642857142857143,0.9285714285714286,0.9642857142857143,0.9507389162561577,0.035274169431002235,7,0.9823008849557522,0.9646017699115044,0.9736842105263158,0.9824561403508771,0.9824561403508771,0.9770998292190655,0.007103506967227335,knn,,5.0,uniform
0.0058100223541259766,0.0038561728529137073,0.0029120445251464844,0.0023181736645128746,,,,"{'classifier__n_neighbors': 5, 'classifier__weights': 'distance'}",0.896551724137931,1.0,0.9642857142857143,0.9285714285714286,0.9642857142857143,0.9507389162561577,0.035274169431002235,7,1.0,1.0,1.0,1.0,1.0,1.0,0.0,knn,,5.0,distance
0.005133628845214844,0.0025513028242551816,0.004438543319702148,0.003049287953638448,,,,"{'classifier__n_neighbors': 7, 'classifier__weights': 'uniform'}",0.896551724137931,1.0,1.0,0.9285714285714286,0.9642857142857143,0.9578817733990148,0.040520048714638005,1,0.9646017699115044,0.9557522123893806,0.9649122807017544,0.9736842105263158,0.9649122807017544,0.964772550846142,0.005671902663524815,knn,,7.0,uniform
0.00820159912109375,0.005015675401352712,0.006877899169921875,0.007223026007895503,,,,"{'classifier__n_neighbors': 7, 'classifier__weights': 'distance'}",0.896551724137931,1.0,1.0,0.9285714285714286,0.9642857142857143,0.9578817733990148,0.040520048714638005,1,1.0,1.0,1.0,1.0,1.0,1.0,0.0,knn,,7.0,distance
0.010975790023803712,0.0045694658909176495,0.0035796165466308594,0.0011609743686431123,,,,"{'classifier__n_neighbors': 9, 'classifier__weights': 'uniform'}",0.896551724137931,1.0,0.9642857142857143,0.9285714285714286,0.9642857142857143,0.9507389162561577,0.035274169431002235,7,0.9734513274336283,0.9646017699115044,0.956140350877193,0.9736842105263158,0.9649122807017544,0.9665579878900792,0.006532434170897237,knn,,9.0,uniform
0.009366369247436524,0.0035815483134837424,0.005822134017944336,0.0029026207785171924,,,,"{'classifier__n_neighbors': 9, 'classifier__weights': 'distance'}",0.896551724137931,1.0,0.9642857142857143,0.9285714285714286,0.9642857142857143,0.9507389162561577,0.035274169431002235,7,1.0,1.0,1.0,1.0,1.0,1.0,0.0,knn,,9.0,distance
0.011313247680664062,0.006177596166422349,0.00432429313659668,0.0011036025294688155,,,,"{'classifier__n_neighbors': 11, 'classifier__weights': 'uniform'}",0.896551724137931,1.0,1.0,0.9285714285714286,0.9642857142857143,0.9578817733990148,0.040520048714638005,1,0.9734513274336283,0.9646017699115044,0.9736842105263158,0.9649122807017544,0.9649122807017544,0.9683123738549915,0.004293141545152466,knn,,11.0,uniform
0.0054378509521484375,0.0024266289362204377,0.003298187255859375,0.0013315763626913857,,,,"{'classifier__n_neighbors': 11, 'classifier__weights': 'distance'}",0.896551724137931,1.0,1.0,0.9285714285714286,0.9642857142857143,0.9578817733990148,0.040520048714638005,1,1.0,1.0,1.0,1.0,1.0,1.0,0.0,knn,,11.0,distance
0.00992445945739746,0.002167219619408855,0.0046043872833251955,0.0019198300058699059,,,,"{'classifier__n_neighbors': 15, 'classifier__weights': 'uniform'}",0.896551724137931,1.0,0.9642857142857143,0.9642857142857143,0.9642857142857143,0.9578817733990148,0.03364030716571988,1,0.9734513274336283,0.9734513274336283,0.9649122807017544,0.9736842105263158,0.9736842105263158,0.9718366713243285,0.0034637614352709214,knn,,15.0,uniform
0.004056787490844727,0.0013173470888648681,0.0025351524353027345,0.0012245824238263706,,,,"{'classifier__n_neighbors': 15, 'classifier__weights': 'distance'}",0.896551724137931,1.0,0.9642857142857143,0.9642857142857143,0.9642857142857143,0.9578817733990148,0.03364030716571988,1,1.0,1.0,1.0,1.0,1.0,1.0,0.0,knn,,15.0,distance
